Workbook

Sheet Riepilogo
A1: N. | B1: Programma | C1: Cartella | D1: Stack | E1: Porta | F1: Stato | G1: % avanz. | H1: Righe codice | I1: File test | J1: Commit | K1: Ultimo commit | L1: Attività aperte | M1: Giorni dev residui | N1: Giorni dev con contingenza | O1: Attesa esterna (gg cal.) | P1: Bloccanti esterni | Q1: Fine stimata | R1: Note
A2: 1 | B2: Portale Suite | C2: portale/ | D2: Node.js zero-dip | E2: 8080 | F2: In produzione | G2: 0.95 | H2: 7144 | I2: 2 | J2: 31 | K2: 46322 | L2: =COUNTIFS(Attività!$B$2:$B$61,$B2,Attività!$I$2:$I$61,"<>Fatto") | M2: =SUMIFS(Attività!$F$2:$F$61,Attività!$B$2:$B$61,$B2,Attività!$I$2:$I$61,"<>Fatto") | N2: =M2*Ipotesi!$B$6 | O2: =SUMIFS(Attività!$G$2:$G$61,Attività!$B$2:$B$61,$B2,Attività!$I$2:$I$61,"<>Fatto") | P2: Caddy + DNS wildcard sul server (IT) | Q2: =IFERROR(INDEX(Pianificazione!$H:$H,MATCH($B2,Pianificazione!$B:$B,0)),"") | R2: Login, avvio app, plancia admin 8090, SSO, avvisi, pre-warm. Sottodomini pronti (deploy/Caddyfile) ma non attivati sul server.
A3: 2 | B3: Lettore DDT | C3: lettore-ddt/ | D3: Node.js + TS + React | E3: 5050 | F3: In produzione | G3: 0.92 | H3: 24310 | I3: 15 | J3: 15 | K3: 46321 | L3: =COUNTIFS(Attività!$B$2:$B$61,$B3,Attività!$I$2:$I$61,"<>Fatto") | M3: =SUMIFS(Attività!$F$2:$F$61,Attività!$B$2:$B$61,$B3,Attività!$I$2:$I$61,"<>Fatto") | N3: =M3*Ipotesi!$B$6 | O3: =SUMIFS(Attività!$G$2:$G$61,Attività!$B$2:$B$61,$B3,Attività!$I$2:$I$61,"<>Fatto") | P3: — | Q3: =IFERROR(INDEX(Pianificazione!$H:$H,MATCH($B3,Pianificazione!$B:$B,0)),"") | R3: DDT da PDF a Excel, fornitori, WBS/SAL. CI completa (type-check, lint, coverage, e2e). Resta pulizia file inutilizzati e PR Dependabot.
A4: 3 | B4: Analista Dati | C4: analista-dati/ | D4: Node.js 24 + AI | E4: 5173 | F4: Beta avanzata | G4: 0.85 | H4: 16511 | I4: 16 | J4: 3 | K4: 46318 | L4: =COUNTIFS(Attività!$B$2:$B$61,$B4,Attività!$I$2:$I$61,"<>Fatto") | M4: =SUMIFS(Attività!$F$2:$F$61,Attività!$B$2:$B$61,$B4,Attività!$I$2:$I$61,"<>Fatto") | N4: =M4*Ipotesi!$B$6 | O4: =SUMIFS(Attività!$G$2:$G$61,Attività!$B$2:$B$61,$B4,Attività!$I$2:$I$61,"<>Fatto") | P4: — | Q4: =IFERROR(INDEX(Pianificazione!$H:$H,MATCH($B4,Pianificazione!$B:$B,0)),"") | R4: Domande sui dati con AI, agente operativo sulla suite, analisi documenti. Aperto: ReDoS su `xlsx` senza fix npm; streaming token.
A5: 4 | B5: Confronto Documenti | C5: confronto-documenti/ | D5: Python (Flask) | E5: 5001 | F5: In produzione | G5: 0.95 | H5: 5186 | I5: 1 | J5: 27 | K5: 46322 | L5: =COUNTIFS(Attività!$B$2:$B$61,$B5,Attività!$I$2:$I$61,"<>Fatto") | M5: =SUMIFS(Attività!$F$2:$F$61,Attività!$B$2:$B$61,$B5,Attività!$I$2:$I$61,"<>Fatto") | N5: =M5*Ipotesi!$B$6 | O5: =SUMIFS(Attività!$G$2:$G$61,Attività!$B$2:$B$61,$B5,Attività!$I$2:$I$61,"<>Fatto") | P5: — | Q5: =IFERROR(INDEX(Pianificazione!$H:$H,MATCH($B5,Pianificazione!$B:$B,0)),"") | R5: Differenze fra due documenti, OCR scansioni, storico 30 gg. Usato anche come motore da vfp-transfer.
A6: 5 | B6: OCR Documenti | C6: ocr-documenti/ | D6: Node.js + PaddleOCR | E6: 5179 | F6: Bloccato (WDAC) | G6: 0.8 | H6: 12392 | I6: 9 | J6: 4 | K6: 46318 | L6: =COUNTIFS(Attività!$B$2:$B$61,$B6,Attività!$I$2:$I$61,"<>Fatto") | M6: =SUMIFS(Attività!$F$2:$F$61,Attività!$B$2:$B$61,$B6,Attività!$I$2:$I$61,"<>Fatto") | N6: =M6*Ipotesi!$B$6 | O6: =SUMIFS(Attività!$G$2:$G$61,Attività!$B$2:$B$61,$B6,Attività!$I$2:$I$61,"<>Fatto") | P6: Autorizzazione WDAC cartella programma (IT) | Q6: =IFERROR(INDEX(Pianificazione!$H:$H,MATCH($B6,Pianificazione!$B:$B,0)),"") | R6: Testo da scansioni, estrazione contratti, Import_Contratti via Claude. Dal 31/08/2026 la policy App Control blocca le DLL Paddle: nessuna scansione finché l'IT non autorizza.
A7: 6 | B7: Scadenzario | C7: scadenzario/ | D7: Python (Flask) | E7: 5180 | F7: In produzione | G7: 0.9 | H7: 7035 | I7: 2 | J7: 10 | K7: 46318 | L7: =COUNTIFS(Attività!$B$2:$B$61,$B7,Attività!$I$2:$I$61,"<>Fatto") | M7: =SUMIFS(Attività!$F$2:$F$61,Attività!$B$2:$B$61,$B7,Attività!$I$2:$I$61,"<>Fatto") | N7: =M7*Ipotesi!$B$6 | O7: =SUMIFS(Attività!$G$2:$G$61,Attività!$B$2:$B$61,$B7,Attività!$I$2:$I$61,"<>Fatto") | P7: Provider WhatsApp (decisione) | Q7: =IFERROR(INDEX(Pianificazione!$H:$H,MATCH($B7,Pianificazione!$B:$B,0)),"") | R7: Scadenze e adempimenti, AI Act v1.3, import Excel, notifiche email. Roadmap: email ai referenti, WhatsApp reale, OCR attestati.
A8: 7 | B8: Verifica Requisiti | C8: verifica-requisiti/ | D8: Node.js + OCR | E8: 5185 | F8: Scheletro | G8: 0.45 | H8: 6100 | I8: 4 | J8: 6 | K8: 46318 | L8: =COUNTIFS(Attività!$B$2:$B$61,$B8,Attività!$I$2:$I$61,"<>Fatto") | M8: =SUMIFS(Attività!$F$2:$F$61,Attività!$B$2:$B$61,$B8,Attività!$I$2:$I$61,"<>Fatto") | N8: =M8*Ipotesi!$B$6 | O8: =SUMIFS(Attività!$G$2:$G$61,Attività!$B$2:$B$61,$B8,Attività!$I$2:$I$61,"<>Fatto") | P8: — | Q8: =IFERROR(INDEX(Pianificazione!$H:$H,MATCH($B8,Pianificazione!$B:$B,0)),"") | R8: Ricerca e checklist sui documenti (riservata). Motore regole + ricerca fatti (43 test); adattatori PaddleOCR/Claude vuoti, editor checklist = JSON.
A9: 8 | B9: InCampo | C9: incampo/ | D9: Python FastAPI + React + Expo | E9: 5190 | F9: MVP completo, rilascio da fare | G9: 0.85 | H9: 32977 | I9: 29 | J9: 4 | K9: 46318 | L9: =COUNTIFS(Attività!$B$2:$B$61,$B9,Attività!$I$2:$I$61,"<>Fatto") | M9: =SUMIFS(Attività!$F$2:$F$61,Attività!$B$2:$B$61,$B9,Attività!$I$2:$I$61,"<>Fatto") | N9: =M9*Ipotesi!$B$6 | O9: =SUMIFS(Attività!$G$2:$G$61,Attività!$B$2:$B$61,$B9,Attività!$I$2:$I$61,"<>Fatto") | P9: Server Linux Docker, DNS, SMTP, account Expo/Firebase (IT) | Q9: =IFERROR(INDEX(Pianificazione!$H:$H,MATCH($B9,Pianificazione!$B:$B,0)),"") | R9: Gestione cantiere: planimetrie, pin, moduli, task, app mobile offline-first. 30/30 giorni roadmap fatti; debiti tecnici sanati il 06/10. Mai provata su device reale.
A10: 9 | B10: SkyTower (CDE) | C10: skytower/ | D10: Python FastAPI + React + Postgres RLS | E10: 5195/8100 | F10: Funzionale (Sprint 1-6) | G10: 0.9 | H10: 32949 | I10: 77 | J10: 208 | K10: 46324 | L10: =COUNTIFS(Attività!$B$2:$B$61,$B10,Attività!$I$2:$I$61,"<>Fatto") | M10: =SUMIFS(Attività!$F$2:$F$61,Attività!$B$2:$B$61,$B10,Attività!$I$2:$I$61,"<>Fatto") | N10: =M10*Ipotesi!$B$6 | O10: =SUMIFS(Attività!$G$2:$G$61,Attività!$B$2:$B$61,$B10,Attività!$I$2:$I$61,"<>Fatto") | P10: AWS (terraform apply), pentest esterno, utenti pilota UAT, licenza APS, TSA eIDAS | Q10: =IFERROR(INDEX(Pianificazione!$H:$H,MATCH($B10,Pianificazione!$B:$B,0)),"") | R10: CDE ISO 19650 multi-tenant: 28 migrazioni, ADR fino a 39, UAT U01-U38, 44 e2e. Manca solo il viewer DWG (licenza). Resto = rilascio in AWS e persone.
A11: 10 | B11: Ponte Trimble | C11: ponte-trimble/ | D11: Node.js (SOAP) | E11: 3011 | F11: Alpha | G11: 0.6 | H11: 4133 | I11: 7 | J11: 4 | K11: 46318 | L11: =COUNTIFS(Attività!$B$2:$B$61,$B11,Attività!$I$2:$I$61,"<>Fatto") | M11: =SUMIFS(Attività!$F$2:$F$61,Attività!$B$2:$B$61,$B11,Attività!$I$2:$I$61,"<>Fatto") | N11: =M11*Ipotesi!$B$6 | O11: =SUMIFS(Attività!$G$2:$G$61,Attività!$B$2:$B$61,$B11,Attività!$I$2:$I$61,"<>Fatto") | P11: Token/id reali Field View (Trimble) | Q11: =IFERROR(INDEX(Pianificazione!$H:$H,MATCH($B11,Pianificazione!$B:$B,0)),"") | R11: PCQ/computi/SAL da PDF a Trimble Field View. Solo AddForm implementata; 10 PDF su 11 del corpus reale sono scansioni: serve il ponte verso OCR.
A12: 11 | B12: Auguri | C12: auguri/ | D12: Node.js + WhatsApp Web | E12: 3000 | F12: In produzione | G12: 0.95 | H12: 1923 | I12: 1 | J12: 3 | K12: 46318 | L12: =COUNTIFS(Attività!$B$2:$B$61,$B12,Attività!$I$2:$I$61,"<>Fatto") | M12: =SUMIFS(Attività!$F$2:$F$61,Attività!$B$2:$B$61,$B12,Attività!$I$2:$I$61,"<>Fatto") | N12: =M12*Ipotesi!$B$6 | O12: =SUMIFS(Attività!$G$2:$G$61,Attività!$B$2:$B$61,$B12,Attività!$I$2:$I$61,"<>Fatto") | P12: — | Q12: =IFERROR(INDEX(Pianificazione!$H:$H,MATCH($B12,Pianificazione!$B:$B,0)),"") | R12: Compleanni su WhatsApp (solo admin). Sempre in esecuzione: aggiornamenti solo ad app ferma.
A13: 12 | B13: VFP Transfer (DMS → Viewpoint) | C13: vfp-transfer-DMS/vfp-transfer/ | D13: Python stdlib + UI senza build | E13: 8770 | F13: Beta, lavoro in corso | G13: 0.7 | H13: 18724 | I13: 12 | J13: 16 | K13: 46321 | L13: =COUNTIFS(Attività!$B$2:$B$61,$B13,Attività!$I$2:$I$61,"<>Fatto") | M13: =SUMIFS(Attività!$F$2:$F$61,Attività!$B$2:$B$61,$B13,Attività!$I$2:$I$61,"<>Fatto") | N13: =M13*Ipotesi!$B$6 | O13: =SUMIFS(Attività!$G$2:$G$61,Attività!$B$2:$B$61,$B13,Attività!$I$2:$I$61,"<>Fatto") | P13: Credenziali API Trimble/Viewpoint, driver ODBC 18 (IT), API CPM/Alyante, DMS di origine da definire | Q13: =IFERROR(INDEX(Pianificazione!$H:$H,MATCH($B13,Pianificazione!$B:$B,0)),"") | R13: Trasferimento documenti, posta automatica (Graph/IMAP/PEC), moduli autocompilati, modelli Word protetti, mezzi a nolo (NON committato: 6 file nuovi + 9 modificati). Mai provato contro VFP reale.
... A15: 14 | B15: Installer e firewall | C15: InstallaSuite.exe, installa-suite.py, firewall-suite.ps1, installa-credenziali.* | D15: Python PyInstaller + PowerShell | E15: — | F15: Completo | G15: 0.95 | H15: 0 | I15: 0 | J15: 0 | K15: 46322 | L15: =COUNTIFS(Attività!$B$2:$B$61,$B15,Attività!$I$2:$I$61,"<>Fatto") | M15: =SUMIFS(Attività!$F$2:$F$61,Attività!$B$2:$B$61,$B15,Attività!$I$2:$I$61,"<>Fatto") | N15: =M15*Ipotesi!$B$6 | O15: =SUMIFS(Attività!$G$2:$G$61,Attività!$B$2:$B$61,$B15,Attività!$I$2:$I$61,"<>Fatto") | P15: Esecuzione sul server (IT) | Q15: =IFERROR(INDEX(Pianificazione!$H:$H,MATCH($B15,Pianificazione!$B:$B,0)),"") | R15: Installer della suite e apertura porte solo verso la LAN. Da lanciare una volta sul server.
B16: Totale suite | G16: =SUMPRODUCT(G2:G15,H2:H15)/SUM(H2:H15) | H16: =SUM(H2:H15) | I16: =SUM(I2:I15) | J16: =SUM(J2:J15) | K16: =MAX(K2:K15) | L16: =SUM(L2:L15) | M16: =SUM(M2:M15) | N16: =SUM(N2:N15) | O16: =SUM(O2:O15) | Q16: =MAX(Q2:Q15) | R16: Fine stimata = sviluppo in sequenza (foglio Pianificazione). Le attese esterne corrono in parallelo allo sviluppo: vedi lì il confronto.
B17: Media semplice | G17: =AVERAGE(G2:G15)

Sheet Ipotesi
A1: Ipotesi e legenda
A3: Parametro | B3: Valore | C3: Nota
A4: Data di inizio pianificazione | B4: 46329 | C4: Primo lunedì utile dopo la scansione (30/10/2026).
A5: Sviluppatori in parallelo | B5: 1 | C5: Team reale: 1 sviluppatore + Claude (come in incampo/ROADMAP.md e piano-sviluppo-cde.md).
A6: Fattore di contingenza | B6: 1.3 | C6: +30% sulle stime di sviluppo: le stime sono a spanne da README/roadmap, mai da misura.
A7: Ore di sviluppo al giorno | B7: 6 | C7: Solo informativo: le stime sono in giorni-persona pieni.
A9: Festività (escluse dal calendario)
A10: 46364
A11: 46381
A12: 46382
A13: 46388
A14: 46393
A15: 46482
A16: 46502
A17: 46508
A18: 46540
A20: Legenda
A21: Celle gialle / testo blu | C21: Valori da modificare a mano (ipotesi, % avanzamento, stime in giorni, stato delle attività).
A22: Testo nero | C22: Formule: si ricalcolano da sole. Non sovrascrivere.
A23: % avanzamento | C23: Giudizio di chi ha fatto la scansione, letto da README, roadmap, passaggi di consegne e stato git. Non è una misura.
A24: Giorni dev | C24: Giorni-persona di sviluppo (1 sviluppatore + Claude). Stime di massima, da correggere dopo la prima attività di ogni programma.
A25: Giorni attesa | C25: Giorni di calendario in cui si aspetta qualcun altro (IT, direzione, fornitori). Non consumano giorni dev ma possono spostare la fine.
A26: Tipo attività | C26: Sviluppo = codice · IT = infrastruttura aziendale · Decisione = scelta della direzione · Test sul campo = utenti reali · Esterno = fornitore/terzi.
A27: Stato programma | C27: In produzione · Completo · Funzionale · Beta · Alpha · Scheletro · Bloccato.
A28: Fonte dei numeri | C28: Righe di codice e file di test contati sui sorgenti (senza node_modules, .venv, dist); commit e date da git log del repo Programmi-pronti- al 30/10/2026.
A29: Cosa NON è un programma | C29: Contratti/ = format Word usati da VFP Transfer (fuori da git). Torre di controllo - SkyTower/ = lanciatore, piano e passaggi di consegne del CDE; la sottocartella cde/ è una copia vecchia da togliere.

Sheet Attività
A1: ID | B1: Programma | C1: Attività | D1: Tipo | E1: Chi | F1: Giorni dev | G1: Giorni attesa | H1: Priorità (1 alta) | I1: Stato | J1: Dipende da | K1: Fonte
A2: 1 | B2: Portale Suite | C2: Attivare i sottodomini: SUITE_DOMINIO, Caddy con deploy/Caddyfile, DNS wildcard | D2: IT | E2: IT | F2: 0.5 | G2: 5 | H2: 2 | I2: Da fare | J2: Server con Caddy | K2: README.md § Indirizzi sul server
A3: 2 | B3: Portale Suite | C3: Installare il certificato radice Caddy sui PC client (tls internal) | D3: IT | E3: IT | F3: 0 | G3: 5 | H3: 2 | I3: Da fare | J3: Attivazione Caddy | K3: deploy/Caddyfile
A4: 3 | B4: Portale Suite | C4: Unire il branch feat/plancia-dal-portale (verificare se già incluso) | D4: Sviluppo | E4: Dev + Claude | F4: 0.5 | G4: 0 | H4: 3 | I4: Da fare | J4: — | K4: git branch
A5: 4 | B5: Lettore DDT | C5: Rimuovere static/js/enhancements.js (caricato ma non usato) | D5: Sviluppo | E5: Dev + Claude | F5: 0.5 | G5: 0 | H5: 3 | I5: Da fare | J5: — | K5: lettore-ddt/UNUSED_FILES_REPORT.md
A6: 5 | B6: Lettore DDT | C6: Unire PR Dependabot (anthropic sdk, helmet, sviluppo) e rilanciare CI | D6: Sviluppo | E6: Dev + Claude | F6: 0.5 | G6: 0 | H6: 3 | I6: Da fare | J6: — | K6: remotes/origin/dependabot/*
A7: 6 | B7: Analista Dati | C7: ReDoS `xlsx` (GHSA-5pgg-2g8v-p4x9): migrare alla build ufficiale SheetJS o limiti dimensione/tempo sul parse | D7: Sviluppo | E7: Dev + Claude | F7: 1 | G7: 0 | H7: 1 | I7: Da fare | J7: — | K7: CONTESTO-SESSIONI.md § Sicurezza
A8: 7 | B8: Analista Dati | C8: Streaming dei token della risposta finale dell'agente | D8: Sviluppo | E8: Dev + Claude | F8: 2 | G8: 0 | H8: 3 | I8: Da fare | J8: — | K8: CONTESTO-SESSIONI.md § Prossimi passi
A9: 8 | B9: Analista Dati | C9: Tuning filtro di pertinenza (scope.ts) e alzare LLM_CONCURRENCY | D9: Sviluppo | E9: Dev + Claude | F9: 1 | G9: 0 | H9: 3 | I9: Da fare | J9: — | K9: CONTESTO-SESSIONI.md § Prossimi passi
A10: 9 | B10: Analista Dati | C10: Unire PR Dependabot (dotenv, mysql2, sviluppo) | D10: Sviluppo | E10: Dev + Claude | F10: 0.5 | G10: 0 | H10: 3 | I10: Da fare | J10: — | K10: remotes/origin/dependabot/*
A11: 10 | B11: Confronto Documenti | C11: Unire PR Dependabot (requests, waitress) e aggiornare requirements.lock | D11: Sviluppo | E11: Dev + Claude | F11: 0.5 | G11: 0 | H11: 3 | I11: Da fare | J11: — | K11: remotes/origin/dependabot/pip/*
A12: 11 | B12: OCR Documenti | C12: Autorizzazione WDAC della cartella del programma (DLL Paddle non firmate, WinError 4551) | D12: IT | E12: IT | F12: 0 | G12: 10 | H12: 1 | I12: Bloccato | J12: Policy aziendale 31/08/2026 | K12: ocr-documenti/docs/IMPROVEMENTS.md
A13: 12 | B13: OCR Documenti | C13: Misurare PADDLE_WORKERS sulla GPU 16 GB (dopo sblocco WDAC) | D13: Sviluppo | E13: Dev + Claude | F13: 0.5 | G13: 0 | H13: 2 | I13: Bloccato | J13: Sblocco WDAC | K13: ocr-documenti/docs/IMPROVEMENTS.md
... A61: 60 | B61: Installer e firewall | C61: Lanciare firewall-suite.ps1 sul server (-Rete, -ReteAdmin) | D61: IT | E61: IT | F61: 0 | G61: 2 | H61: 2 | I61: Da fare | J61: Server | K61: README.md § Firewall del server
C62: Totale | F62: =SUM(F2:F61) | G62: =SUM(G2:G61) | I62: =COUNTIF(I2:I61,"Da fare")&" da fare, "&COUNTIF(I2:I61,"In corso")&" in corso, "&COUNTIF(I2:I61,"Bloccato")&" bloccate"

Sheet Pianificazione
A1: Ordine | B1: Programma | C1: Giorni dev residui | D1: Con contingenza | E1: Cumulato (gg dev) | F1: Inizio | G1: Giorni lavorativi (÷ sviluppatori) | H1: Fine sviluppo | I1: Attesa esterna (gg cal.) | J1: Fine se l'attesa parte all'inizio | K1: Fine stimata complessiva | L1: Bloccanti esterni
A2: 1 | B2: VFP Transfer (DMS → Viewpoint) | C2: =INDEX(Riepilogo!$M:$M,MATCH($B2,Riepilogo!$B:$B,0)) | D2: =C2*Ipotesi!$B$6 | E2: =SUM($D$2:D2) | F2: =Ipotesi!$B$4 | G2: =ROUNDUP(D2/Ipotesi!$B$5,0) | H2: =IF(G2=0,F2,WORKDAY(F2,G2-1,Ipotesi!$A$10:$A$18)) | I2: =INDEX(Riepilogo!$O:$O,MATCH($B2,Riepilogo!$B:$B,0)) | J2: =Ipotesi!$B$4+I2 | K2: =MAX(H2,J2) | L2: =INDEX(Riepilogo!$P:$P,MATCH($B2,Riepilogo!$B:$B,0))
A3: 2 | B3: SkyTower (CDE) | C3: =INDEX(Riepilogo!$M:$M,MATCH($B3,Riepilogo!$B:$B,0)) | D3: =C3*Ipotesi!$B$6 | E3: =SUM($D$2:D3) | F3: =IF(D3=0,H2,WORKDAY(H2,1,Ipotesi!$A$10:$A$18)) | G3: =ROUNDUP(D3/Ipotesi!$B$5,0) | H3: =IF(G3=0,F3,WORKDAY(F3,G3-1,Ipotesi!$A$10:$A$18)) | I3: =INDEX(Riepilogo!$O:$O,MATCH($B3,Riepilogo!$B:$B,0)) | J3: =Ipotesi!$B$4+I3 | K3: =MAX(H3,J3) | L3: =INDEX(Riepilogo!$P:$P,MATCH($B3,Riepilogo!$B:$B,0))
A4: 3 | B4: InCampo | C4: =INDEX(Riepilogo!$M:$M,MATCH($B4,Riepilogo!$B:$B,0)) | D4: =C4*Ipotesi!$B$6 | E4: =SUM($D$2:D4) | F4: =IF(D4=0,H3,WORKDAY(H3,1,Ipotesi!$A$10:$A$18)) | G4: =ROUNDUP(D4/Ipotesi!$B$5,0) | H4: =IF(G4=0,F4,WORKDAY(F4,G4-1,Ipotesi!$A$10:$A$18)) | I4: =INDEX(Riepilogo!$O:$O,MATCH($B4,Riepilogo!$B:$B,0)) | J4: =Ipotesi!$B$4+I4 | K4: =MAX(H4,J4) | L4: =INDEX(Riepilogo!$P:$P,MATCH($B4,Riepilogo!$B:$B,0))
A5: 4 | B5: Analista Dati | C5: =INDEX(Riepilogo!$M:$M,MATCH($B5,Riepilogo!$B:$B,0)) | D5: =C5*Ipotesi!$B$6 | E5: =SUM($D$2:D5) | F5: =IF(D5=0,H4,WORKDAY(H4,1,Ipotesi!$A$10:$A$18)) | G5: =ROUNDUP(D5/Ipotesi!$B$5,0) | H5: =IF(G5=0,F5,WORKDAY(F5,G5-1,Ipotesi!$A$10:$A$18)) | I5: =INDEX(Riepilogo!$O:$O,MATCH($B5,Riepilogo!$B:$B,0)) | J5: =Ipotesi!$B$4+I5 | K5: =MAX(H5,J5) | L5: =INDEX(Riepilogo!$P:$P,MATCH($B5,Riepilogo!$B:$B,0))
A6: 5 | B6: Ponte Trimble | C6: =INDEX(Riepilogo!$M:$M,MATCH($B6,Riepilogo!$B:$B,0)) | D6: =C6*Ipotesi!$B$6 | E6: =SUM($D$2:D6) | F6: =IF(D6=0,H5,WORKDAY(H5,1,Ipotesi!$A$10:$A$18)) | G6: =ROUNDUP(D6/Ipotesi!$B$5,0) | H6: =IF(G6=0,F6,WORKDAY(F6,G6-1,Ipotesi!$A$10:$A$18)) | I6: =INDEX(Riepilogo!$O:$O,MATCH($B6,Riepilogo!$B:$B,0)) | J6: =Ipotesi!$B$4+I6 | K6: =MAX(H6,J6) | L6: =INDEX(Riepilogo!$P:$P,MATCH($B6,Riepilogo!$B:$B,0))
A7: 6 | B7: Verifica Requisiti | C7: =INDEX(Riepilogo!$M:$M,MATCH($B7,Riepilogo!$B:$B,0)) | D7: =C7*Ipotesi!$B$6 | E7: =SUM($D$2:D7) | F7: =IF(D7=0,H6,WORKDAY(H6,1,Ipotesi!$A$10:$A$18)) | G7: =ROUNDUP(D7/Ipotesi!$B$5,0) | H7: =IF(G7=0,F7,WORKDAY(F7,G7-1,Ipotesi!$A$10:$A$18)) | I7: =INDEX(Riepilogo!$O:$O,MATCH($B7,Riepilogo!$B:$B,0)) | J7: =Ipotesi!$B$4+I7 | K7: =MAX(H7,J7) | L7: =INDEX(Riepilogo!$P:$P,MATCH($B7,Riepilogo!$B:$B,0))
A8: 7 | B8: Scadenzario | C8: =INDEX(Riepilogo!$M:$M,MATCH($B8,Riepilogo!$B:$B,0)) | D8: =C8*Ipotesi!$B$6 | E8: =SUM($D$2:D8) | F8: =IF(D8=0,H7,WORKDAY(H7,1,Ipotesi!$A$10:$A$18)) | G8: =ROUNDUP(D8/Ipotesi!$B$5,0) | H8: =IF(G8=0,F8,WORKDAY(F8,G8-1,Ipotesi!$A$10:$A$18)) | I8: =INDEX(Riepilogo!$O:$O,MATCH($B8,Riepilogo!$B:$B,0)) | J8: =Ipotesi!$B$4+I8 | K8: =MAX(H8,J8) | L8: =INDEX(Riepilogo!$P:$P,MATCH($B8,Riepilogo!$B:$B,0))
A9: 8 | B9: Portale Suite | C9: =INDEX(Riepilogo!$M:$M,MATCH($B9,Riepilogo!$B:$B,0)) | D9: =C9*Ipotesi!$B$6 | E9: =SUM($D$2:D9) | F9: =IF(D9=0,H8,WORKDAY(H8,1,Ipotesi!$A$10:$A$18)) | G9: =ROUNDUP(D9/Ipotesi!$B$5,0) | H9: =IF(G9=0,F9,WORKDAY(F9,G9-1,Ipotesi!$A$10:$A$18)) | I9: =INDEX(Riepilogo!$O:$O,MATCH($B9,Riepilogo!$B:$B,0)) | J9: =Ipotesi!$B$4+I9 | K9: =MAX(H9,J9) | L9: =INDEX(Riepilogo!$P:$P,MATCH($B9,Riepilogo!$B:$B,0))
A10: 9 | B10: Lettore DDT | C10: =INDEX(Riepilogo!$M:$M,MATCH($B10,Riepilogo!$B:$B,0)) | D10: =C10*Ipotesi!$B$6 | E10: =SUM($D$2:D10) | F10: =IF(D10=0,H9,WORKDAY(H9,1,Ipotesi!$A$10:$A$18)) | G10: =ROUNDUP(D10/Ipotesi!$B$5,0) | H10: =IF(G10=0,F10,WORKDAY(F10,G10-1,Ipotesi!$A$10:$A$18)) | I10: =INDEX(Riepilogo!$O:$O,MATCH($B10,Riepilogo!$B:$B,0)) | J10: =Ipotesi!$B$4+I10 | K10: =MAX(H10,J10) | L10: =INDEX(Riepilogo!$P:$P,MATCH($B10,Riepilogo!$B:$B,0))
A11: 10 | B11: OCR Documenti | C11: =INDEX(Riepilogo!$M:$M,MATCH($B11,Riepilogo!$B:$B,0)) | D11: =C11*Ipotesi!$B$6 | E11: =SUM($D$2:D11) | F11: =IF(D11=0,H10,WORKDAY(H10,1,Ipotesi!$A$10:$A$18)) | G11: =ROUNDUP(D11/Ipotesi!$B$5,0) | H11: =IF(G11=0,F11,WORKDAY(F11,G11-1,Ipotesi!$A$10:$A$18)) | I11: =INDEX(Riepilogo!$O:$O,MATCH($B11,Riepilogo!$B:$B,0)) | J11: =Ipotesi!$B$4+I11 | K11: =MAX(H11,J11) | L11: =INDEX(Riepilogo!$P:$P,MATCH($B11,Riepilogo!$B:$B,0))
A12: 11 | B12: Confronto Documenti | C12: =INDEX(Riepilogo!$M:$M,MATCH($B12,Riepilogo!$B:$B,0)) | D12: =C12*Ipotesi!$B$6 | E12: =SUM($D$2:D12) | F12: =IF(D12=0,H11,WORKDAY(H11,1,Ipotesi!$A$10:$A$18)) | G12: =ROUNDUP(D12/Ipotesi!$B$5,0) | H12: =IF(G12=0,F12,WORKDAY(F12,G12-1,Ipotesi!$A$10:$A$18)) | I12: =INDEX(Riepilogo!$O:$O,MATCH($B12,Riepilogo!$B:$B,0)) | J12: =Ipotesi!$B$4+I12 | K12: =MAX(H12,J12) | L12: =INDEX(Riepilogo!$P:$P,MATCH($B12,Riepilogo!$B:$B,0))
A13: 12 | B13: Auguri | C13: =INDEX(Riepilogo!$M:$M,MATCH($B13,Riepilogo!$B:$B,0)) | D13: =C13*Ipotesi!$B$6 | E13: =SUM($D$2:D13) | F13: =IF(D13=0,H12,WORKDAY(H12,1,Ipotesi!$A$10:$A$18)) | G13: =ROUNDUP(D13/Ipotesi!$B$5,0) | H13: =IF(G13=0,F13,WORKDAY(F13,G13-1,Ipotesi!$A$10:$A$18)) | I13: =INDEX(Riepilogo!$O:$O,MATCH($B13,Riepilogo!$B:$B,0)) | J13: =Ipotesi!$B$4+I13 | K13: =MAX(H13,J13) | L13: =INDEX(Riepilogo!$P:$P,MATCH($B13,Riepilogo!$B:$B,0))
A14: 13 | B14: Installer e firewall | C14: =INDEX(Riepilogo!$M:$M,MATCH($B14,Riepilogo!$B:$B,0)) | D14: =C14*Ipotesi!$B$6 | E14: =SUM($D$2:D14) | F14: =IF(D14=0,H13,WORKDAY(H13,1,Ipotesi!$A$10:$A$18)) | G14: =ROUNDUP(D14/Ipotesi!$B$5,0) | H14: =IF(G14=0,F14,WORKDAY(F14,G14-1,Ipotesi!$A$10:$A$18)) | I14: =INDEX(Riepilogo!$O:$O,MATCH($B14,Riepilogo!$B:$B,0)) | J14: =Ipotesi!$B$4+I14 | K14: =MAX(H14,J14) | L14: =INDEX(Riepilogo!$P:$P,MATCH($B14,Riepilogo!$B:$B,0))
A15: 14 | B15: Codice condiviso (shared) | C15: =INDEX(Riepilogo!$M:$M,MATCH($B15,Riepilogo!$B:$B,0)) | D15: =C15*Ipotesi!$B$6 | E15: =SUM($D$2:D15) | F15: =IF(D15=0,H14,WORKDAY(H14,1,Ipotesi!$A$10:$A$18)) | G15: =ROUNDUP(D15/Ipotesi!$B$5,0) | H15: =IF(G15=0,F15,WORKDAY(F15,G15-1,Ipotesi!$A$10:$A$18)) | I15: =INDEX(Riepilogo!$O:$O,MATCH($B15,Riepilogo!$B:$B,0)) | J15: =Ipotesi!$B$4+I15 | K15: =MAX(H15,J15) | L15: =INDEX(Riepilogo!$P:$P,MATCH($B15,Riepilogo!$B:$B,0))
B16: Fine di tutto | D16: =SUM(D2:D15) | G16: =SUM(G2:G15) | H16: =MAX(H2:H15) | K16: =MAX(K2:K15) | L16: Solo sviluppo: fine sviluppo. Con gli altri (IT, direzione, fornitori, utenti pilota): fine stimata complessiva.
B18: Come leggere: lo sviluppo è in sequenza nell'ordine della colonna A (cambiarlo = riordinare le righe, le formule seguono). Le attese esterne (colonna I) si assume partano tutte dal giorno di inizio, in parallelo allo sviluppo: la fine complessiva è il massimo fra le due.
B19: Settimane a 5 giorni, festività del foglio Ipotesi escluse. Con 2 sviluppatori in parallelo (Ipotesi!B5) i giorni lavorativi si dimezzano, le attese no.
B20: Le attese più lunghe: credenziali Trimble/Viewpoint e CPM/Alyante (15 gg), pentest esterno SkyTower (15 gg), sblocco WDAC OCR (10 gg), server InCampo (10 gg). Senza di esse i programmi restano fermi al punto attuale ma usabili.

Sheet Bloccanti esterni
A1: Programma | B1: Cosa serve | C1: Chi | D1: Tipo | E1: Giorni attesa | F1: Priorità | G1: Stato
A2: =Attività!B2 | B2: =Attività!C2 | C2: =Attività!E2 | D2: =Attività!D2 | E2: =Attività!G2 | F2: =Attività!H2 | G2: =Attività!I2
A3: =Attività!B3 | B3: =Attività!C3 | C3: =Attività!E3 | D3: =Attività!D3 | E3: =Attività!G3 | F3: =Attività!H3 | G3: =Attività!I3
A4: =Attività!B12 | B4: =Attività!C12 | C4: =Attività!E12 | D4: =Attività!D12 | E4: =Attività!G12 | F4: =Attività!H12 | G4: =Attività!I12
A5: =Attività!B16 | B5: =Attività!C16 | C5: =Attività!E16 | D5: =Attività!D16 | E5: =Attività!G16 | F5: =Attività!H16 | G5: =Attività!I16
A6: =Attività!B25 | B6: =Attività!C25 | C6: =Attività!E25 | D6: =Attività!D25 | E6: =Attività!G25 | F6: =Attività!H25 | G6: =Attività!I25
A7: =Attività!B27 | B7: =Attività!C27 | C7: =Attività!E27 | D7: =Attività!D27 | E7: =Attività!G27 | F7: =Attività!H27 | G7: =Attività!I27
A8: =Attività!B28 | B8: =Attività!C28 | C8: =Attività!E28 | D8: =Attività!D28 | E8: =Attività!G28 | F8: =Attività!H28 | G8: =Attività!I28
A9: =Attività!B29 | B9: =Attività!C29 | C9: =Attività!E29 | D9: =Attività!D29 | E9: =Attività!G29 | F9: =Attività!H29 | G9: =Attività!I29
A10: =Attività!B30 | B10: =Attività!C30 | C10: =Attività!E30 | D10: =Attività!D30 | E10: =Attività!G30 | F10: =Attività!H30 | G10: =Attività!I30
A11: =Attività!B34 | B11: =Attività!C34 | C11: =Attività!E34 | D11: =Attività!D34 | E11: =Attività!G34 | F11: =Attività!H34 | G11: =Attività!I34
A12: =Attività!B36 | B12: =Attività!C36 | C12: =Attività!E36 | D12: =Attività!D36 | E12: =Attività!G36 | F12: =Attività!H36 | G12: =Attività!I36
A13: =Attività!B37 | B13: =Attività!C37 | C13: =Attività!E37 | D13: =Attività!D37 | E13: =Attività!G37 | F13: =Attività!H37 | G13: =Attività!I37
A14: =Attività!B38 | B14: =Attività!C38 | C14: =Attività!E38 | D14: =Attività!D38 | E14: =Attività!G38 | F14: =Attività!H38 | G14: =Attività!I38
A15: =Attività!B40 | B15: =Attività!C40 | C15: =Attività!E40 | D15: =Attività!D40 | E15: =Attività!G40 | F15: =Attività!H40 | G15: =Attività!I40
A16: =Attività!B41 | B16: =Attività!C41 | C16: =Attività!E41 | D16: =Attività!D41 | E16: =Attività!G41 | F16: =Attività!H41 | G16: =Attività!I41
A17: =Attività!B47 | B17: =Attività!C47 | C17: =Attività!E47 | D17: =Attività!D47 | E17: =Attività!G47 | F17: =Attività!H47 | G17: =Attività!I47
A18: =Attività!B54 | B18: =Attività!C54 | C18: =Attività!E54 | D18: =Attività!D54 | E18: =Attività!G54 | F18: =Attività!H54 | G18: =Attività!I54
A19: =Attività!B57 | B19: =Attività!C57 | C19: =Attività!E57 | D19: =Attività!D57 | E19: =Attività!G57 | F19: =Attività!H57 | G19: =Attività!I57
A20: =Attività!B59 | B20: =Attività!C59 | C20: =Attività!E59 | D20: =Attività!D59 | E20: =Attività!G59 | F20: =Attività!H59 | G20: =Attività!I59
A21: =Attività!B60 | B21: =Attività!C60 | C21: =Attività!E60 | D21: =Attività!D60 | E21: =Attività!G60 | F21: =Attività!H60 | G21: =Attività!I60
A22: =Attività!B61 | B22: =Attività!C61 | C22: =Attività!E61 | D22: =Attività!D61 | E22: =Attività!G61 | F22: =Attività!H61 | G22: =Attività!I61
A24: Riferimenti al foglio Attività: si aggiornano cambiando lì stato e giorni.
